Feature,Split,Gain,Cover,Frequency,RealCover,RealCover %,LongName
D_2768_LAST_EXP_DT,72.5,0.08148664353014819,0.05998899603514459,0.005747126436781609,NA,NA,HYPOPOTASSEMIA
S_S37_LAST_EXP_,1.5,0.05276318132818163,0.036311123321000255,0.017241379310344827,NA,NA,INTERNAL MEDICINE
D_2768_AVG_CLAIM_CNT,0.15,0.0494246446155776,0.029866405537210663,0.008620689655172414,372,0.372,HYPOPOTASSEMIA
S_S37_LAST_EXP_,0.5,0.04674713625163775,0.030691924270932133,0.06609195402298851,NA,NA,INTERNAL MEDICINE
G_797000_FIRST_EXP_DT,2381.5,0.041345933688535945,0.021447807211694907,0.005747126436781609,NA,NA,POTASSIUM***
G_797000_AVG_CLAIM_CNT,0.15,0.03849115653339513,0.016130283130581714,0.008620689655172414,452,0.452,POTASSIUM***
D_2768_LAST_EXP_DT,260,0.037677927689239915,0.03376288362964761,0.0028735632183908046,NA,NA,HYPOPOTASSEMIA
D_2768_LAST_EXP_DT,539.5,0.03504469373675298,0.039583724479459965,0.005747126436781609,NA,NA,HYPOPOTASSEMIA
D_4010_LAST_EXP_DT,628.5,0.02968762686726221,0.004171519715233871,0.008620689655172414,NA,NA,MALIGNANT ESSENTIAL HYPERTENSION
S_S24_LAST_EXP_,0.5,0.028087855248973434,0.032453557398279265,0.07471264367816093,NA,NA,FAMILY MEDICINE
S_S44_LAST_EXP_,1.5,0.025275741937095465,0.0363644072628928,0.0028735632183908046,NA,NA,NEUROLOGY
S_S24_LAST_EXP_,1.5,0.021087985405726595,0.013740587172020074,0.008620689655172414,NA,NA,FAMILY MEDICINE
D_7288_AVG_CLAIM_CNT,0.15,0.020222123048997804,0.008950581015473717,0.011494252873563218,312,0.312,"OTHER DISORDERS OF MUSCLE LIGAMENT, AND FASCIA"
S_S44_LAST_EXP_,2.5,0.02019705655481829,0.05633927313492936,0.005747126436781609,NA,NA,NEUROLOGY
D_4019_LAST_EXP_DT,546.5,0.01751582983210407,0.0021251679526580543,0.0028735632183908046,NA,NA,UNSPECIFIED ESSENTIAL HYPERTENSION
G_797000_AVG_CLAIM_CNT,0.25,0.013653735953662557,0.008502264521531563,0.014367816091954023,457,0.457,POTASSIUM***
D_4010_LAST_EXP_DT,511.5,0.013166593122081975,0.004800091408955933,0.005747126436781609,NA,NA,MALIGNANT ESSENTIAL HYPERTENSION
D_4019_LAST_EXP_DT,530.5,0.013084425319902318,0.0020183614497309996,0.0028735632183908046,NA,NA,UNSPECIFIED ESSENTIAL HYPERTENSION
D_4010_LAST_EXP_DT,447.5,0.012510115439243403,0.004749604773390214,0.005747126436781609,NA,NA,MALIGNANT ESSENTIAL HYPERTENSION
S_S44_LAST_EXP_,6.5,0.012328503158214436,0.0072114154615532736,0.0028735632183908046,NA,NA,NEUROLOGY
D_7194_LAST_EXP_DT,418.5,0.011083825795225497,0.0035852957318861065,0.0028735632183908046,NA,NA,PAIN IN JOINT
S_S44_LAST_EXP_,3.5,0.009375884886292709,0.011320695829747554,0.0028735632183908046,NA,NA,NEUROLOGY
G_797000_LAST_EXP_DT,335,0.00926004648067657,0.025151170545050915,0.005747126436781609,NA,NA,POTASSIUM***
S_S37_FIRST_EXP,76.5,0.008919697751814802,0.011024989214271039,0.022988505747126436,NA,NA,INTERNAL MEDICINE
D_4010_LAST_EXP_DT,501.5,0.008890777784079875,0.0011757570104593325,0.0028735632183908046,NA,NA,MALIGNANT ESSENTIAL HYPERTENSION
P_99213_LAST_EXP_DT,208,0.00870076136366989,0.001069396121592564,0.0028735632183908046,NA,NA,"OFFICE OR OTHER OUTPATIENT VISIT FOR THE EVALUATION AND MANAGEMENT OF AN ESTABLISHED PATIENT, WHICH REQUIRES AT LEAST 2 OF THESE 3 KEY COMPONENTS: AN EXPANDED PROBLEM FOCUSED HISTORY; AN EXPANDED PROBLEM FOCUSED EXAMINATION; MEDICAL DECISION MAKING OF LOW COMPLEXITY. COUNSELING AND COORDINATION OF CARE WITH OTHER PHYSICIANS, OTHER QUALIFIED HEALTH CARE PROFESSIONALS, OR AGENCIES ARE PROVIDED CONSISTENT WITH THE NATURE OF THE PROBLEM(S) AND THE PATIENT'S AND/OR FAMILY'S NEEDS. USUALLY, THE PRESENTING PROBLEM(S) ARE OF LOW TO MODERATE SEVERITY. TYPICALLY, 15 MINUTES ARE SPENT FACE-TO-FACE WITH THE PATIENT AND/OR FAMILY."
D_7807_AVG_CLAIM_CNT,0.15,0.008685502401063845,0.0029297830745579653,0.0028735632183908046,466,0.466,MALAISE AND FATIGUE
D_4019_LAST_EXP_DT,518.5,0.008226058099597542,0.0018448738338085987,0.0028735632183908046,NA,NA,UNSPECIFIED ESSENTIAL HYPERTENSION
D_7807_LAST_EXP_DT,47.5,0.007894720625866285,0.008284425369428286,0.0028735632183908046,NA,NA,MALAISE AND FATIGUE
D_7807_LAST_EXP_DT,31.5,0.007632787111331943,0.013320927974548457,0.0028735632183908046,NA,NA,MALAISE AND FATIGUE
D_7807_LAST_EXP_DT,32.5,0.00759752215347913,0.017893416971086713,0.0028735632183908046,NA,NA,MALAISE AND FATIGUE
S_S44_FIRST_EXP,72.5,0.007293063513523811,0.0036026315562959514,0.005747126436781609,NA,NA,NEUROLOGY
S_S44_LAST_EXP_,9.5,0.0072595910784328645,0.004298393225520912,0.0028735632183908046,NA,NA,NEUROLOGY
G_371000_FIRST_EXP_DT,2437,0.0070636656382651675,0.027946412672555494,0.0028735632183908046,NA,NA,CARBONIC ANHYDRASE INHIBITORS***
D_7807_LAST_EXP_DT,72.5,0.006661654126395169,0.005305222258119868,0.0028735632183908046,NA,NA,MALAISE AND FATIGUE
S_S24_FIRST_EXP,75.5,0.00638325912770348,0.007189364752892658,0.014367816091954023,NA,NA,FAMILY MEDICINE
D_4019_LAST_EXP_DT,476.5,0.006164683946406562,0.0017945884433023642,0.0028735632183908046,NA,NA,UNSPECIFIED ESSENTIAL HYPERTENSION
S_S22_LAST_EXP_,0.5,0.005974636899979541,0.009773644559469476,0.028735632183908046,NA,NA,EMERGENCY MEDICINE
P_99214_LAST_EXP_DT,268,0.005784732174455221,9.34613680467798e-4,0.0028735632183908046,NA,NA,"OFFICE OR OTHER OUTPATIENT VISIT FOR THE EVALUATION AND MANAGEMENT OF AN ESTABLISHED PATIENT, WHICH REQUIRES AT LEAST 2 OF THESE 3 KEY COMPONENTS: A DETAILED HISTORY; A DETAILED EXAMINATION; MEDICAL DECISION MAKING OF MODERATE COMPLEXITY. COUNSELING AND/OR COORDINATION OF CARE WITH OTHER PHYSICIANS, OTHER QUALIFIED HEALTH CARE PROFESSIONALS, OR AGENCIES ARE PROVIDED CONSISTENT WITH THE NATURE OF THE PROBLEM(S) AND THE PATIENT'S AND/OR FAMILY'S NEEDS. USUALLY, THE PRESENTING PROBLEM(S) ARE OF MODERATE TO HIGH SEVERITY. TYPICALLY, 25 MINUTES ARE SPENT FACE-TO-FACE WITH THE PATIENT AND/OR FAMILY."
G_371000_LAST_EXP_DT,1878.5,0.005704212772604315,0.036070301983103896,0.0028735632183908046,NA,NA,CARBONIC ANHYDRASE INHIBITORS***
D_4011_LAST_EXP_DT,345.5,0.005673397594873926,6.78264848767529e-4,0.0028735632183908046,NA,NA,BENIGN ESSENTIAL HYPERTENSION
D_4011_LAST_EXP_DT,837.5,0.005642240126364889,6.287269399108069e-4,0.0028735632183908046,NA,NA,BENIGN ESSENTIAL HYPERTENSION
P_99213_FIRST_EXP_DT,2379.5,0.005616496256749732,0.002216639582052421,0.005747126436781609,NA,NA,"OFFICE OR OTHER OUTPATIENT VISIT FOR THE EVALUATION AND MANAGEMENT OF AN ESTABLISHED PATIENT, WHICH REQUIRES AT LEAST 2 OF THESE 3 KEY COMPONENTS: AN EXPANDED PROBLEM FOCUSED HISTORY; AN EXPANDED PROBLEM FOCUSED EXAMINATION; MEDICAL DECISION MAKING OF LOW COMPLEXITY. COUNSELING AND COORDINATION OF CARE WITH OTHER PHYSICIANS, OTHER QUALIFIED HEALTH CARE PROFESSIONALS, OR AGENCIES ARE PROVIDED CONSISTENT WITH THE NATURE OF THE PROBLEM(S) AND THE PATIENT'S AND/OR FAMILY'S NEEDS. USUALLY, THE PRESENTING PROBLEM(S) ARE OF LOW TO MODERATE SEVERITY. TYPICALLY, 15 MINUTES ARE SPENT FACE-TO-FACE WITH THE PATIENT AND/OR FAMILY."
D_4011_LAST_EXP_DT,412.5,0.005556496286313566,9.74759194905455e-4,0.0028735632183908046,NA,NA,BENIGN ESSENTIAL HYPERTENSION
S_S24_FIRST_EXP,78.5,0.005310468483803873,0.010134936939831862,0.02586206896551724,NA,NA,FAMILY MEDICINE
D_7807_LAST_EXP_DT,512.5,0.0050792708796617075,0.001837614637020065,0.0028735632183908046,NA,NA,MALAISE AND FATIGUE
AGE,59.5,0.00490641403644447,0.0010132343753493937,0.0028735632183908046,590,0.59,Age
P_99213_FIRST_EXP_DT,2245.5,0.0049050718962860874,8.502805008262749e-4,0.0028735632183908046,NA,NA,"OFFICE OR OTHER OUTPATIENT VISIT FOR THE EVALUATION AND MANAGEMENT OF AN ESTABLISHED PATIENT, WHICH REQUIRES AT LEAST 2 OF THESE 3 KEY COMPONENTS: AN EXPANDED PROBLEM FOCUSED HISTORY; AN EXPANDED PROBLEM FOCUSED EXAMINATION; MEDICAL DECISION MAKING OF LOW COMPLEXITY. COUNSELING AND COORDINATION OF CARE WITH OTHER PHYSICIANS, OTHER QUALIFIED HEALTH CARE PROFESSIONALS, OR AGENCIES ARE PROVIDED CONSISTENT WITH THE NATURE OF THE PROBLEM(S) AND THE PATIENT'S AND/OR FAMILY'S NEEDS. USUALLY, THE PRESENTING PROBLEM(S) ARE OF LOW TO MODERATE SEVERITY. TYPICALLY, 15 MINUTES ARE SPENT FACE-TO-FACE WITH THE PATIENT AND/OR FAMILY."
D_4010_FIRST_EXP_DT,630,0.004597172333240148,0.002122209650283638,0.0028735632183908046,NA,NA,MALIGNANT ESSENTIAL HYPERTENSION
D_7295_LAST_EXP_DT,322.5,0.004439799643930698,0.060506253336607155,0.005747126436781609,NA,NA,PAIN IN LIMB
D_2768_LAST_EXP_DT,952.5,0.00441410982022796,0.0038189987445355713,0.0028735632183908046,NA,NA,HYPOPOTASSEMIA
S_S44_FIRST_EXP,36.5,0.004357343596884811,0.002802254080362891,0.0028735632183908046,NA,NA,NEUROLOGY
P_99214_LAST_EXP_DT,28.5,0.004337634854156342,0.0017325043424515191,0.0028735632183908046,NA,NA,"OFFICE OR OTHER OUTPATIENT VISIT FOR THE EVALUATION AND MANAGEMENT OF AN ESTABLISHED PATIENT, WHICH REQUIRES AT LEAST 2 OF THESE 3 KEY COMPONENTS: A DETAILED HISTORY; A DETAILED EXAMINATION; MEDICAL DECISION MAKING OF MODERATE COMPLEXITY. COUNSELING AND/OR COORDINATION OF CARE WITH OTHER PHYSICIANS, OTHER QUALIFIED HEALTH CARE PROFESSIONALS, OR AGENCIES ARE PROVIDED CONSISTENT WITH THE NATURE OF THE PROBLEM(S) AND THE PATIENT'S AND/OR FAMILY'S NEEDS. USUALLY, THE PRESENTING PROBLEM(S) ARE OF MODERATE TO HIGH SEVERITY. TYPICALLY, 25 MINUTES ARE SPENT FACE-TO-FACE WITH THE PATIENT AND/OR FAMILY."
S_S22_LAST_EXP_,4.5,0.004088357090779906,0.003533549877233902,0.005747126436781609,NA,NA,EMERGENCY MEDICINE
P_93010_AVG_CLAIM_CNT,0.15,0.00398247214070077,0.0017744121886243724,0.005747126436781609,419,0.419,"ELECTROCARDIOGRAM, ROUTINE ECG WITH AT LEAST 12 LEADS; INTERPRETATION AND REPORT ONLY"
G_372000_FIRST_EXP_DT,30.5,0.0038566172259831455,8.646752724382305e-4,0.0028735632183908046,NA,NA,LOOP DIURETICS***
S_S24_FIRST_EXP,73.5,0.0038287628634880617,0.003863588899858406,0.008620689655172414,NA,NA,FAMILY MEDICINE
S_S37_LAST_EXP_,9.5,0.0035791527177502546,0.004720588110742029,0.011494252873563218,NA,NA,INTERNAL MEDICINE
P_99214_LAST_EXP_DT,29.5,0.0034825114202250286,0.0018145490782737659,0.0028735632183908046,NA,NA,"OFFICE OR OTHER OUTPATIENT VISIT FOR THE EVALUATION AND MANAGEMENT OF AN ESTABLISHED PATIENT, WHICH REQUIRES AT LEAST 2 OF THESE 3 KEY COMPONENTS: A DETAILED HISTORY; A DETAILED EXAMINATION; MEDICAL DECISION MAKING OF MODERATE COMPLEXITY. COUNSELING AND/OR COORDINATION OF CARE WITH OTHER PHYSICIANS, OTHER QUALIFIED HEALTH CARE PROFESSIONALS, OR AGENCIES ARE PROVIDED CONSISTENT WITH THE NATURE OF THE PROBLEM(S) AND THE PATIENT'S AND/OR FAMILY'S NEEDS. USUALLY, THE PRESENTING PROBLEM(S) ARE OF MODERATE TO HIGH SEVERITY. TYPICALLY, 25 MINUTES ARE SPENT FACE-TO-FACE WITH THE PATIENT AND/OR FAMILY."
G_797000_LAST_EXP_DT,88.5,0.0034810972188500885,0.017585684525841312,0.0028735632183908046,NA,NA,POTASSIUM***
G_797000_FIRST_EXP_DT,1812.5,0.003398632164152131,0.001955015254864247,0.0028735632183908046,NA,NA,POTASSIUM***
D_7288_LAST_EXP_DT,1242.5,0.0033707985192568076,0.002444621485153695,0.0028735632183908046,NA,NA,"OTHER DISORDERS OF MUSCLE LIGAMENT, AND FASCIA"
D_7295_LAST_EXP_DT,1127.5,0.003264877538569393,0.0033048607414950123,0.005747126436781609,NA,NA,PAIN IN LIMB
AGE,55.5,0.0032587703504661472,0.0015564120404735094,0.0028735632183908046,602,0.602,Age
AGE,57.5,0.003046238402942781,0.0025922261114970195,0.005747126436781609,611,0.611,Age
D_7295_LAST_EXP_DT,1099.5,0.0030020252435239434,0.0016162766958111871,0.0028735632183908046,NA,NA,PAIN IN LIMB
S_S21_LAST_EXP_,0.5,0.0029174974365020283,0.005981842647258471,0.020114942528735632,NA,NA,DIAGNOSTIC RADIOLOGY
D_4019_LAST_EXP_DT,2.5,0.0027561694871687807,0.0024070231581832225,0.008620689655172414,NA,NA,UNSPECIFIED ESSENTIAL HYPERTENSION
S_S44_FIRST_EXP,69.5,0.0027536482453544764,0.0015070063783701626,0.0028735632183908046,NA,NA,NEUROLOGY
S_S37_LAST_EXP_,8.5,0.002639415003337157,0.002672865006832298,0.011494252873563218,NA,NA,INTERNAL MEDICINE
S_S24_AVG_CLAIM,0.75,0.0026305496721701744,0.0017187564299593336,0.005747126436781609,502,0.502,FAMILY MEDICINE
G_372000_LAST_EXP_DT,2088.5,0.0025109911062492583,6.96589648898267e-4,0.0028735632183908046,NA,NA,LOOP DIURETICS***
S_S37_LAST_EXP_,3.5,0.0024955339752976806,0.0015215592711002844,0.0028735632183908046,NA,NA,INTERNAL MEDICINE
S_S22_AVG_CLAIM,0.15,0.0024277946302032425,0.005016265976924333,0.014367816091954023,469,0.469,EMERGENCY MEDICINE
G_751000_AVG_CLAIM_CNT,0.35,0.0023197469428621756,0.0031525038568184414,0.005747126436781609,373,0.373,CENTRAL MUSCLE RELAXANTS***
P_99214_LAST_EXP_DT,316.5,0.0022916556791176593,0.0018384943654229527,0.005747126436781609,NA,NA,"OFFICE OR OTHER OUTPATIENT VISIT FOR THE EVALUATION AND MANAGEMENT OF AN ESTABLISHED PATIENT, WHICH REQUIRES AT LEAST 2 OF THESE 3 KEY COMPONENTS: A DETAILED HISTORY; A DETAILED EXAMINATION; MEDICAL DECISION MAKING OF MODERATE COMPLEXITY. COUNSELING AND/OR COORDINATION OF CARE WITH OTHER PHYSICIANS, OTHER QUALIFIED HEALTH CARE PROFESSIONALS, OR AGENCIES ARE PROVIDED CONSISTENT WITH THE NATURE OF THE PROBLEM(S) AND THE PATIENT'S AND/OR FAMILY'S NEEDS. USUALLY, THE PRESENTING PROBLEM(S) ARE OF MODERATE TO HIGH SEVERITY. TYPICALLY, 25 MINUTES ARE SPENT FACE-TO-FACE WITH THE PATIENT AND/OR FAMILY."
D_7295_LAST_EXP_DT,1412.5,0.002274161918033126,0.0014149195140796592,0.0028735632183908046,NA,NA,PAIN IN LIMB
S_S44_LAST_EXP_,16.5,0.0022689014492244305,0.0035013477927870245,0.0028735632183908046,NA,NA,NEUROLOGY
S_S22_LAST_EXP_,5.5,0.0022577139453538826,0.003998279343241694,0.0028735632183908046,NA,NA,EMERGENCY MEDICINE
S_S48_LAST_EXP_,0.5,0.002234512035152791,0.0025151320041380816,0.008620689655172414,NA,NA,NURSE PRACTITIONER
D_7807_LAST_EXP_DT,1233.5,0.0022239712807008466,9.25664025179598e-4,0.0028735632183908046,NA,NA,MALAISE AND FATIGUE
S_S37_AVG_CLAIM,1.45,0.0021287694059763562,0.0015961723143687254,0.005747126436781609,497,0.497,INTERNAL MEDICINE
G_372000_FIRST_EXP_DT,30,0.0021174648026289025,6.901124329123002e-4,0.0028735632183908046,NA,NA,LOOP DIURETICS***
D_2768_FIRST_EXP_DT,2359.5,0.0020925045987438082,0.0015261160342328888,0.0028735632183908046,NA,NA,HYPOPOTASSEMIA
AGE,67.5,0.001939927583396258,0.0030273495543252787,0.005747126436781609,601,0.601,Age
D_7807_LAST_EXP_DT,299.5,0.0019229895944444244,0.002756536952706946,0.0028735632183908046,NA,NA,MALAISE AND FATIGUE
G_797000_LAST_EXP_DT,35.5,0.0018719702531217342,0.01065227473931822,0.0028735632183908046,NA,NA,POTASSIUM***
P_36415_LAST_EXP_DT,524.5,0.0018081240152518136,0.0013863743398565501,0.0028735632183908046,NA,NA,COLLECTION OF VENOUS BLOOD BY VENIPUNCTURE
S_S37_AVG_CLAIM,1.05,0.0018010593137335607,0.0015894191051583234,0.005747126436781609,495,0.495,INTERNAL MEDICINE
G_659917_FIRST_EXP_DT,2133.5,0.0016518754809206606,0.0015224504992208568,0.005747126436781609,NA,NA,HYDROCODONE COMBINATIONS***
G_797000_FIRST_EXP_DT,2514.5,0.0015945976229399539,0.0011772145996758816,0.0028735632183908046,NA,NA,POTASSIUM***
P_99214_FIRST_EXP_DT,2344.5,0.001588637259565444,0.0018972349233569404,0.005747126436781609,NA,NA,"OFFICE OR OTHER OUTPATIENT VISIT FOR THE EVALUATION AND MANAGEMENT OF AN ESTABLISHED PATIENT, WHICH REQUIRES AT LEAST 2 OF THESE 3 KEY COMPONENTS: A DETAILED HISTORY; A DETAILED EXAMINATION; MEDICAL DECISION MAKING OF MODERATE COMPLEXITY. COUNSELING AND/OR COORDINATION OF CARE WITH OTHER PHYSICIANS, OTHER QUALIFIED HEALTH CARE PROFESSIONALS, OR AGENCIES ARE PROVIDED CONSISTENT WITH THE NATURE OF THE PROBLEM(S) AND THE PATIENT'S AND/OR FAMILY'S NEEDS. USUALLY, THE PRESENTING PROBLEM(S) ARE OF MODERATE TO HIGH SEVERITY. TYPICALLY, 25 MINUTES ARE SPENT FACE-TO-FACE WITH THE PATIENT AND/OR FAMILY."
S_S22_AVG_CLAIM,0.55,0.0015645066604359676,0.001859438226256405,0.008620689655172414,468,0.468,EMERGENCY MEDICINE
S_S24_FIRST_EXP,31.5,0.0015325484116579355,0.0028835369598885193,0.005747126436781609,NA,NA,FAMILY MEDICINE
S_S24_AVG_CLAIM,0.65,0.0015012783474980275,9.304680322424255e-4,0.0028735632183908046,508,0.508,FAMILY MEDICINE
S_S44_LAST_EXP_,60.5,0.0013974201191345706,0.0013244253606885016,0.0028735632183908046,NA,NA,NEUROLOGY
P_99214_LAST_EXP_DT,1.5,0.001383242074776888,0.0017942779509248746,0.005747126436781609,NA,NA,"OFFICE OR OTHER OUTPATIENT VISIT FOR THE EVALUATION AND MANAGEMENT OF AN ESTABLISHED PATIENT, WHICH REQUIRES AT LEAST 2 OF THESE 3 KEY COMPONENTS: A DETAILED HISTORY; A DETAILED EXAMINATION; MEDICAL DECISION MAKING OF MODERATE COMPLEXITY. COUNSELING AND/OR COORDINATION OF CARE WITH OTHER PHYSICIANS, OTHER QUALIFIED HEALTH CARE PROFESSIONALS, OR AGENCIES ARE PROVIDED CONSISTENT WITH THE NATURE OF THE PROBLEM(S) AND THE PATIENT'S AND/OR FAMILY'S NEEDS. USUALLY, THE PRESENTING PROBLEM(S) ARE OF MODERATE TO HIGH SEVERITY. TYPICALLY, 25 MINUTES ARE SPENT FACE-TO-FACE WITH THE PATIENT AND/OR FAMILY."
G_797000_LAST_EXP_DT,448.5,0.001364686311513339,0.0011784853184800526,0.0028735632183908046,NA,NA,POTASSIUM***
P_99205_FIRST_EXP_DT,2331.5,0.0013506433819367013,0.0016394141277930162,0.0028735632183908046,NA,NA,"OFFICE OR OTHER OUTPATIENT VISIT FOR THE EVALUATION AND MANAGEMENT OF A NEW PATIENT, WHICH REQUIRES THESE 3 KEY COMPONENTS: A COMPREHENSIVE HISTORY; A COMPREHENSIVE EXAMINATION; MEDICAL DECISION MAKING OF HIGH COMPLEXITY. COUNSELING AND/OR COORDINATION OF CARE WITH OTHER PHYSICIANS, OTHER QUALIFIED HEALTH CARE PROFESSIONALS, OR AGENCIES ARE PROVIDED CONSISTENT WITH THE NATURE OF THE PROBLEM(S) AND THE PATIENT'S AND/OR FAMILY'S NEEDS. USUALLY, THE PRESENTING PROBLEM(S) ARE OF MODERATE TO HIGH SEVERITY. TYPICALLY, 60 MINUTES ARE SPENT FACE-TO-FACE WITH THE PATIENT AND/OR FAMILY."
AGE,51.5,0.0013366364829683428,0.001369159262482396,0.0028735632183908046,596,0.596,Age
S_S24_LAST_EXP_,4.5,0.0013240257700707853,0.001323976871698794,0.0028735632183908046,NA,NA,FAMILY MEDICINE
S_S22_FIRST_EXP,67.5,0.0012950031151022633,0.0011272310767588734,0.0028735632183908046,NA,NA,EMERGENCY MEDICINE
P_99213_LAST_EXP_DT,203.5,0.0012392907870512676,8.439125321583138e-4,0.0028735632183908046,NA,NA,"OFFICE OR OTHER OUTPATIENT VISIT FOR THE EVALUATION AND MANAGEMENT OF AN ESTABLISHED PATIENT, WHICH REQUIRES AT LEAST 2 OF THESE 3 KEY COMPONENTS: AN EXPANDED PROBLEM FOCUSED HISTORY; AN EXPANDED PROBLEM FOCUSED EXAMINATION; MEDICAL DECISION MAKING OF LOW COMPLEXITY. COUNSELING AND COORDINATION OF CARE WITH OTHER PHYSICIANS, OTHER QUALIFIED HEALTH CARE PROFESSIONALS, OR AGENCIES ARE PROVIDED CONSISTENT WITH THE NATURE OF THE PROBLEM(S) AND THE PATIENT'S AND/OR FAMILY'S NEEDS. USUALLY, THE PRESENTING PROBLEM(S) ARE OF LOW TO MODERATE SEVERITY. TYPICALLY, 15 MINUTES ARE SPENT FACE-TO-FACE WITH THE PATIENT AND/OR FAMILY."
P_99213_AVG_CLAIM_CNT,0.65,0.001235849863960648,0.0020624341177580175,0.008620689655172414,700,0.7,"OFFICE OR OTHER OUTPATIENT VISIT FOR THE EVALUATION AND MANAGEMENT OF AN ESTABLISHED PATIENT, WHICH REQUIRES AT LEAST 2 OF THESE 3 KEY COMPONENTS: AN EXPANDED PROBLEM FOCUSED HISTORY; AN EXPANDED PROBLEM FOCUSED EXAMINATION; MEDICAL DECISION MAKING OF LOW COMPLEXITY. COUNSELING AND COORDINATION OF CARE WITH OTHER PHYSICIANS, OTHER QUALIFIED HEALTH CARE PROFESSIONALS, OR AGENCIES ARE PROVIDED CONSISTENT WITH THE NATURE OF THE PROBLEM(S) AND THE PATIENT'S AND/OR FAMILY'S NEEDS. USUALLY, THE PRESENTING PROBLEM(S) ARE OF LOW TO MODERATE SEVERITY. TYPICALLY, 15 MINUTES ARE SPENT FACE-TO-FACE WITH THE PATIENT AND/OR FAMILY."
D_7288_LAST_EXP_DT,947.5,0.0012307785558454162,0.005012209451511018,0.0028735632183908046,NA,NA,"OTHER DISORDERS OF MUSCLE LIGAMENT, AND FASCIA"
AGE,35.5,0.0011960360418126449,8.928783300602166e-4,0.0028735632183908046,589,0.589,Age
S_S21_LAST_EXP_,22.5,0.0011885686982468769,0.0012163021400865364,0.0028735632183908046,NA,NA,DIAGNOSTIC RADIOLOGY
S_S37_AVG_CLAIM,0.85,0.001167553845968304,8.865333608276252e-4,0.0028735632183908046,500,0.5,INTERNAL MEDICINE
P_99214_LAST_EXP_DT,0.5,0.0011599522883866977,0.0018176252527544513,0.005747126436781609,NA,NA,"OFFICE OR OTHER OUTPATIENT VISIT FOR THE EVALUATION AND MANAGEMENT OF AN ESTABLISHED PATIENT, WHICH REQUIRES AT LEAST 2 OF THESE 3 KEY COMPONENTS: A DETAILED HISTORY; A DETAILED EXAMINATION; MEDICAL DECISION MAKING OF MODERATE COMPLEXITY. COUNSELING AND/OR COORDINATION OF CARE WITH OTHER PHYSICIANS, OTHER QUALIFIED HEALTH CARE PROFESSIONALS, OR AGENCIES ARE PROVIDED CONSISTENT WITH THE NATURE OF THE PROBLEM(S) AND THE PATIENT'S AND/OR FAMILY'S NEEDS. USUALLY, THE PRESENTING PROBLEM(S) ARE OF MODERATE TO HIGH SEVERITY. TYPICALLY, 25 MINUTES ARE SPENT FACE-TO-FACE WITH THE PATIENT AND/OR FAMILY."
P_93010_LAST_EXP_DT,2001,0.001144809524492352,9.982387434884072e-4,0.0028735632183908046,NA,NA,"ELECTROCARDIOGRAM, ROUTINE ECG WITH AT LEAST 12 LEADS; INTERPRETATION AND REPORT ONLY"
D_7807_LAST_EXP_DT,837.5,0.0011421675801403133,0.0015512141680799772,0.005747126436781609,NA,NA,MALAISE AND FATIGUE
S_S37_FIRST_EXP,82.5,0.0011387203516932455,0.0012319503809261358,0.0028735632183908046,NA,NA,INTERNAL MEDICINE
S_S24_FIRST_EXP,76.5,0.001113471902941921,0.0015123853713172306,0.0028735632183908046,NA,NA,FAMILY MEDICINE
P_84443_FIRST_EXP_DT,2122.5,0.001090664527901481,0.0015491700932615032,0.0028735632183908046,NA,NA,THYROID STIMULATING HORMONE (TSH)
S_S21_AVG_CLAIM,0.65,0.0010595791206090015,8.907595070767912e-4,0.0028735632183908046,533,0.533,DIAGNOSTIC RADIOLOGY
S_S24_LAST_EXP_,22.5,0.001049220320728865,8.662248593962581e-4,0.0028735632183908046,NA,NA,FAMILY MEDICINE
S_S21_AVG_CLAIM,1.45,0.0010366276231354467,0.001534341207306946,0.0028735632183908046,537,0.537,DIAGNOSTIC RADIOLOGY
D_2768_FIRST_EXP_DT,2357.5,0.0010233863745930112,0.0021397237203175973,0.0028735632183908046,NA,NA,HYPOPOTASSEMIA
AGE,52.5,0.0010001376246011567,9.014369949471334e-4,0.0028735632183908046,587,0.587,Age
P_99214_FIRST_EXP_DT,2191.5,9.980118187127114e-4,7.285214899795515e-4,0.0028735632183908046,NA,NA,"OFFICE OR OTHER OUTPATIENT VISIT FOR THE EVALUATION AND MANAGEMENT OF AN ESTABLISHED PATIENT, WHICH REQUIRES AT LEAST 2 OF THESE 3 KEY COMPONENTS: A DETAILED HISTORY; A DETAILED EXAMINATION; MEDICAL DECISION MAKING OF MODERATE COMPLEXITY. COUNSELING AND/OR COORDINATION OF CARE WITH OTHER PHYSICIANS, OTHER QUALIFIED HEALTH CARE PROFESSIONALS, OR AGENCIES ARE PROVIDED CONSISTENT WITH THE NATURE OF THE PROBLEM(S) AND THE PATIENT'S AND/OR FAMILY'S NEEDS. USUALLY, THE PRESENTING PROBLEM(S) ARE OF MODERATE TO HIGH SEVERITY. TYPICALLY, 25 MINUTES ARE SPENT FACE-TO-FACE WITH THE PATIENT AND/OR FAMILY."
P_99213_FIRST_EXP_DT,2142.5,9.730065765672684e-4,0.0015328117448548668,0.0028735632183908046,NA,NA,"OFFICE OR OTHER OUTPATIENT VISIT FOR THE EVALUATION AND MANAGEMENT OF AN ESTABLISHED PATIENT, WHICH REQUIRES AT LEAST 2 OF THESE 3 KEY COMPONENTS: AN EXPANDED PROBLEM FOCUSED HISTORY; AN EXPANDED PROBLEM FOCUSED EXAMINATION; MEDICAL DECISION MAKING OF LOW COMPLEXITY. COUNSELING AND COORDINATION OF CARE WITH OTHER PHYSICIANS, OTHER QUALIFIED HEALTH CARE PROFESSIONALS, OR AGENCIES ARE PROVIDED CONSISTENT WITH THE NATURE OF THE PROBLEM(S) AND THE PATIENT'S AND/OR FAMILY'S NEEDS. USUALLY, THE PRESENTING PROBLEM(S) ARE OF LOW TO MODERATE SEVERITY. TYPICALLY, 15 MINUTES ARE SPENT FACE-TO-FACE WITH THE PATIENT AND/OR FAMILY."
D_7194_FIRST_EXP_DT,2439,9.481490599157684e-4,0.001521484522935333,0.005747126436781609,NA,NA,PAIN IN JOINT
S_S24_AVG_CLAIM,2.05,9.248786915589467e-4,8.375186891255617e-4,0.0028735632183908046,508,0.508,FAMILY MEDICINE
G_726000_FIRST_EXP_DT,2269.5,9.144478304622525e-4,0.0015009920260210094,0.0028735632183908046,NA,NA,ANTICONVULSANTS - MISC.***
S_S37_AVG_CLAIM,0.15,9.057347286152472e-4,0.0021132801195013866,0.005747126436781609,496,0.496,INTERNAL MEDICINE
S_S44_LAST_EXP_,70.5,8.839884549886161e-4,8.345776363276726e-4,0.0028735632183908046,NA,NA,NEUROLOGY
P_36415_LAST_EXP_DT,444.5,8.459860716718261e-4,0.001114135773245301,0.0028735632183908046,NA,NA,COLLECTION OF VENOUS BLOOD BY VENIPUNCTURE
D_7807_LAST_EXP_DT,1287.5,8.332294348107396e-4,8.888476790116923e-4,0.0028735632183908046,NA,NA,MALAISE AND FATIGUE
S_S22_FIRST_EXP,69.5,8.137512879752549e-4,0.0014542629232088009,0.005747126436781609,NA,NA,EMERGENCY MEDICINE
P_93010_LAST_EXP_DT,461.5,8.101221049563792e-4,0.0014657885152583976,0.0028735632183908046,NA,NA,"ELECTROCARDIOGRAM, ROUTINE ECG WITH AT LEAST 12 LEADS; INTERPRETATION AND REPORT ONLY"
P_99204_LAST_EXP_DT,80.5,7.743977568480122e-4,0.0014453592667913401,0.005747126436781609,NA,NA,"OFFICE OR OTHER OUTPATIENT VISIT FOR THE EVALUATION AND MANAGEMENT OF A NEW PATIENT, WHICH REQUIRES THESE 3 KEY COMPONENTS: A COMPREHENSIVE HISTORY; A COMPREHENSIVE EXAMINATION; MEDICAL DECISION MAKING OF MODERATE COMPLEXITY. COUNSELING AND/OR COORDINATION OF CARE WITH OTHER PHYSICIANS, OTHER QUALIFIED HEALTH CARE PROFESSIONALS, OR AGENCIES ARE PROVIDED CONSISTENT WITH THE NATURE OF THE PROBLEM(S) AND THE PATIENT'S AND/OR FAMILY'S NEEDS. USUALLY, THE PRESENTING PROBLEM(S) ARE OF MODERATE TO HIGH SEVERITY. TYPICALLY, 45 MINUTES ARE SPENT FACE-TO-FACE WITH THE PATIENT AND/OR FAMILY."
S_S21_LAST_EXP_,39.5,7.728079062577131e-4,0.0014843174353780409,0.005747126436781609,NA,NA,DIAGNOSTIC RADIOLOGY
P_99213_LAST_EXP_DT,216.5,7.605935300512215e-4,8.427136865896726e-4,0.0028735632183908046,NA,NA,"OFFICE OR OTHER OUTPATIENT VISIT FOR THE EVALUATION AND MANAGEMENT OF AN ESTABLISHED PATIENT, WHICH REQUIRES AT LEAST 2 OF THESE 3 KEY COMPONENTS: AN EXPANDED PROBLEM FOCUSED HISTORY; AN EXPANDED PROBLEM FOCUSED EXAMINATION; MEDICAL DECISION MAKING OF LOW COMPLEXITY. COUNSELING AND COORDINATION OF CARE WITH OTHER PHYSICIANS, OTHER QUALIFIED HEALTH CARE PROFESSIONALS, OR AGENCIES ARE PROVIDED CONSISTENT WITH THE NATURE OF THE PROBLEM(S) AND THE PATIENT'S AND/OR FAMILY'S NEEDS. USUALLY, THE PRESENTING PROBLEM(S) ARE OF LOW TO MODERATE SEVERITY. TYPICALLY, 15 MINUTES ARE SPENT FACE-TO-FACE WITH THE PATIENT AND/OR FAMILY."
S_S24_LAST_EXP_,20.5,7.397056856668313e-4,8.160717156433988e-4,0.0028735632183908046,NA,NA,FAMILY MEDICINE
G_021000_LAST_EXP_DT,282.5,7.299954367357118e-4,0.0014236420499435846,0.0028735632183908046,NA,NA,CEPHALOSPORINS - 1ST GENERATION***
G_221000_FIRST_EXP_DT,280.5,7.126908363446419e-4,0.001462939460201987,0.005747126436781609,NA,NA,GLUCOCORTICOSTEROIDS***
S_S24_LAST_EXP_,11.5,7.02337441055747e-4,0.0014341556668369183,0.005747126436781609,NA,NA,FAMILY MEDICINE
G_661000_FIRST_EXP_DT,296.5,6.988938156695069e-4,0.00208153514883248,0.008620689655172414,NA,NA,NONSTEROIDAL ANTI-INFLAMMATORY AGENTS (NSAIDS)***
D_7194_LAST_EXP_DT,1492.5,6.938252098498957e-4,7.9248004481302e-4,0.0028735632183908046,NA,NA,PAIN IN JOINT
P_99204_AVG_CLAIM_CNT,0.15,6.910427461255703e-4,9.393774385187287e-4,0.0028735632183908046,402,0.402,"OFFICE OR OTHER OUTPATIENT VISIT FOR THE EVALUATION AND MANAGEMENT OF A NEW PATIENT, WHICH REQUIRES THESE 3 KEY COMPONENTS: A COMPREHENSIVE HISTORY; A COMPREHENSIVE EXAMINATION; MEDICAL DECISION MAKING OF MODERATE COMPLEXITY. COUNSELING AND/OR COORDINATION OF CARE WITH OTHER PHYSICIANS, OTHER QUALIFIED HEALTH CARE PROFESSIONALS, OR AGENCIES ARE PROVIDED CONSISTENT WITH THE NATURE OF THE PROBLEM(S) AND THE PATIENT'S AND/OR FAMILY'S NEEDS. USUALLY, THE PRESENTING PROBLEM(S) ARE OF MODERATE TO HIGH SEVERITY. TYPICALLY, 45 MINUTES ARE SPENT FACE-TO-FACE WITH THE PATIENT AND/OR FAMILY."
D_7295_LAST_EXP_DT,1115.5,6.887656116823542e-4,0.0014161471089425121,0.0028735632183908046,NA,NA,PAIN IN LIMB
S_S22_LAST_EXP_,6.5,6.866172866637346e-4,0.0014041644031149447,0.0028735632183908046,NA,NA,EMERGENCY MEDICINE
S_S24_FIRST_EXP,29.5,6.489653010124552e-4,6.586865794091472e-4,0.0028735632183908046,NA,NA,FAMILY MEDICINE
G_797000_LAST_EXP_DT,1116.5,6.431787853228903e-4,0.0010357939465175615,0.0028735632183908046,NA,NA,POTASSIUM***
G_797000_LAST_EXP_DT,645.5,6.311896004181408e-4,0.0010781675312566495,0.0028735632183908046,NA,NA,POTASSIUM***
S_S21_AVG_CLAIM,0.15,6.152073233509005e-4,0.0020438764483441626,0.008620689655172414,535,0.535,DIAGNOSTIC RADIOLOGY
G_751000_LAST_EXP_DT,1268.5,5.98771961384555e-4,7.148885746642141e-4,0.0028735632183908046,NA,NA,CENTRAL MUSCLE RELAXANTS***
AGE,33.5,5.869746394688898e-4,0.0010078956314142227,0.0028735632183908046,601,0.601,Age
AGE,31.5,5.760924950035045e-4,0.0011438107947309422,0.0028735632183908046,600,0.6,Age
S_S37_LAST_EXP_,27.5,5.726155413046064e-4,0.0010986772777475007,0.0028735632183908046,NA,NA,INTERNAL MEDICINE
AGE,37.5,5.715139054564843e-4,9.182898312142161e-4,0.0028735632183908046,602,0.602,Age
G_659917_LAST_EXP_DT,1091.5,5.585005505114116e-4,8.370874497123815e-4,0.0028735632183908046,NA,NA,HYDROCODONE COMBINATIONS***
G_034000_FIRST_EXP_DT,1657.5,5.552001467930794e-4,8.887988052115318e-4,0.0028735632183908046,NA,NA,AZITHROMYCIN***
P_99285_AVG_CLAIM_CNT,0.15,5.460636852987989e-4,0.0013662239595433493,0.0028735632183908046,378,0.378,"EMERGENCY DEPARTMENT VISIT FOR THE EVALUATION AND MANAGEMENT OF A PATIENT, WHICH REQUIRES THESE 3 KEY COMPONENTS WITHIN THE CONSTRAINTS IMPOSED BY THE URGENCY OF THE PATIENT'S CLINICAL CONDITION AND/OR MENTAL STATUS: A COMPREHENSIVE HISTORY; A COMPREHENSIVE EXAMINATION; AND MEDICAL DECISION MAKING OF HIGH COMPLEXITY. COUNSELING AND/OR COORDINATION OF CARE WITH OTHER PHYSICIANS, OTHER QUALIFIED HEALTH CARE PROFESSIONALS, OR AGENCIES ARE PROVIDED CONSISTENT WITH THE NATURE OF THE PROBLEM(S) AND THE PATIENT'S AND/OR FAMILY'S NEEDS. USUALLY, THE PRESENTING PROBLEM(S) ARE OF HIGH SEVERITY AND POSE AN IMMEDIATE SIGNIFICANT THREAT TO LIFE OR PHYSIOLOGIC FUNCTION."
P_36415_FIRST_EXP_DT,2117.5,4.8584392815213335e-4,7.906602144893993e-4,0.0028735632183908046,NA,NA,COLLECTION OF VENOUS BLOOD BY VENIPUNCTURE
S_S24_AVG_CLAIM,1.85,4.6987786485861837e-4,7.527226458472251e-4,0.0028735632183908046,521,0.521,FAMILY MEDICINE
G_661000_FIRST_EXP_DT,2204.5,4.548512996759715e-4,7.985518957505973e-4,0.0028735632183908046,NA,NA,NONSTEROIDAL ANTI-INFLAMMATORY AGENTS (NSAIDS)***
P_99213_FIRST_EXP_DT,1568.5,4.4589228892746375e-4,7.572822839092507e-4,0.0028735632183908046,NA,NA,"OFFICE OR OTHER OUTPATIENT VISIT FOR THE EVALUATION AND MANAGEMENT OF AN ESTABLISHED PATIENT, WHICH REQUIRES AT LEAST 2 OF THESE 3 KEY COMPONENTS: AN EXPANDED PROBLEM FOCUSED HISTORY; AN EXPANDED PROBLEM FOCUSED EXAMINATION; MEDICAL DECISION MAKING OF LOW COMPLEXITY. COUNSELING AND COORDINATION OF CARE WITH OTHER PHYSICIANS, OTHER QUALIFIED HEALTH CARE PROFESSIONALS, OR AGENCIES ARE PROVIDED CONSISTENT WITH THE NATURE OF THE PROBLEM(S) AND THE PATIENT'S AND/OR FAMILY'S NEEDS. USUALLY, THE PRESENTING PROBLEM(S) ARE OF LOW TO MODERATE SEVERITY. TYPICALLY, 15 MINUTES ARE SPENT FACE-TO-FACE WITH THE PATIENT AND/OR FAMILY."
S_S22_LAST_EXP_,30.5,4.442988352763367e-4,0.001224501438795803,0.0028735632183908046,NA,NA,EMERGENCY MEDICINE
P_99213_LAST_EXP_DT,54.5,4.336355767562447e-4,7.840018779498969e-4,0.0028735632183908046,NA,NA,"OFFICE OR OTHER OUTPATIENT VISIT FOR THE EVALUATION AND MANAGEMENT OF AN ESTABLISHED PATIENT, WHICH REQUIRES AT LEAST 2 OF THESE 3 KEY COMPONENTS: AN EXPANDED PROBLEM FOCUSED HISTORY; AN EXPANDED PROBLEM FOCUSED EXAMINATION; MEDICAL DECISION MAKING OF LOW COMPLEXITY. COUNSELING AND COORDINATION OF CARE WITH OTHER PHYSICIANS, OTHER QUALIFIED HEALTH CARE PROFESSIONALS, OR AGENCIES ARE PROVIDED CONSISTENT WITH THE NATURE OF THE PROBLEM(S) AND THE PATIENT'S AND/OR FAMILY'S NEEDS. USUALLY, THE PRESENTING PROBLEM(S) ARE OF LOW TO MODERATE SEVERITY. TYPICALLY, 15 MINUTES ARE SPENT FACE-TO-FACE WITH THE PATIENT AND/OR FAMILY."
G_797000_FIRST_EXP_DT,2382,4.1653905312798444e-4,9.336477041822742e-4,0.0028735632183908046,NA,NA,POTASSIUM***
P_99213_FIRST_EXP_DT,1241.5,3.7277807784304553e-4,6.383234543187774e-4,0.0028735632183908046,NA,NA,"OFFICE OR OTHER OUTPATIENT VISIT FOR THE EVALUATION AND MANAGEMENT OF AN ESTABLISHED PATIENT, WHICH REQUIRES AT LEAST 2 OF THESE 3 KEY COMPONENTS: AN EXPANDED PROBLEM FOCUSED HISTORY; AN EXPANDED PROBLEM FOCUSED EXAMINATION; MEDICAL DECISION MAKING OF LOW COMPLEXITY. COUNSELING AND COORDINATION OF CARE WITH OTHER PHYSICIANS, OTHER QUALIFIED HEALTH CARE PROFESSIONALS, OR AGENCIES ARE PROVIDED CONSISTENT WITH THE NATURE OF THE PROBLEM(S) AND THE PATIENT'S AND/OR FAMILY'S NEEDS. USUALLY, THE PRESENTING PROBLEM(S) ARE OF LOW TO MODERATE SEVERITY. TYPICALLY, 15 MINUTES ARE SPENT FACE-TO-FACE WITH THE PATIENT AND/OR FAMILY."
D_7295_LAST_EXP_DT,443.5,3.454614721765217e-4,0.017058681213640875,0.0028735632183908046,NA,NA,PAIN IN LIMB
S_S22_FIRST_EXP,29.5,3.4032170590556e-4,6.008631239605226e-4,0.0028735632183908046,NA,NA,EMERGENCY MEDICINE
P_36415_LAST_EXP_DT,6.5,3.1587854124926547e-4,8.052792305962087e-4,0.0028735632183908046,NA,NA,COLLECTION OF VENOUS BLOOD BY VENIPUNCTURE
P_99214_FIRST_EXP_DT,2006.5,3.0288500313874623e-4,0.001307233282749717,0.005747126436781609,NA,NA,"OFFICE OR OTHER OUTPATIENT VISIT FOR THE EVALUATION AND MANAGEMENT OF AN ESTABLISHED PATIENT, WHICH REQUIRES AT LEAST 2 OF THESE 3 KEY COMPONENTS: A DETAILED HISTORY; A DETAILED EXAMINATION; MEDICAL DECISION MAKING OF MODERATE COMPLEXITY. COUNSELING AND/OR COORDINATION OF CARE WITH OTHER PHYSICIANS, OTHER QUALIFIED HEALTH CARE PROFESSIONALS, OR AGENCIES ARE PROVIDED CONSISTENT WITH THE NATURE OF THE PROBLEM(S) AND THE PATIENT'S AND/OR FAMILY'S NEEDS. USUALLY, THE PRESENTING PROBLEM(S) ARE OF MODERATE TO HIGH SEVERITY. TYPICALLY, 25 MINUTES ARE SPENT FACE-TO-FACE WITH THE PATIENT AND/OR FAMILY."
P_99214_FIRST_EXP_DT,2328.5,2.9982240143505365e-4,8.064320772941105e-4,0.0028735632183908046,NA,NA,"OFFICE OR OTHER OUTPATIENT VISIT FOR THE EVALUATION AND MANAGEMENT OF AN ESTABLISHED PATIENT, WHICH REQUIRES AT LEAST 2 OF THESE 3 KEY COMPONENTS: A DETAILED HISTORY; A DETAILED EXAMINATION; MEDICAL DECISION MAKING OF MODERATE COMPLEXITY. COUNSELING AND/OR COORDINATION OF CARE WITH OTHER PHYSICIANS, OTHER QUALIFIED HEALTH CARE PROFESSIONALS, OR AGENCIES ARE PROVIDED CONSISTENT WITH THE NATURE OF THE PROBLEM(S) AND THE PATIENT'S AND/OR FAMILY'S NEEDS. USUALLY, THE PRESENTING PROBLEM(S) ARE OF MODERATE TO HIGH SEVERITY. TYPICALLY, 25 MINUTES ARE SPENT FACE-TO-FACE WITH THE PATIENT AND/OR FAMILY."
GENDER,0.5,2.9156418601756736e-4,7.987100168687634e-4,0.0028735632183908046,490,0.49,NA
D_7194_FIRST_EXP_DT,2276.5,2.883979963150734e-4,7.891968754140078e-4,0.0028735632183908046,NA,NA,PAIN IN JOINT
S_S37_AVG_CLAIM,1.15,2.662337676324089e-4,6.35347902367834e-4,0.0028735632183908046,500,0.5,INTERNAL MEDICINE
P_99214_LAST_EXP_DT,145.5,2.624631644760392e-4,7.082676122071872e-4,0.0028735632183908046,NA,NA,"OFFICE OR OTHER OUTPATIENT VISIT FOR THE EVALUATION AND MANAGEMENT OF AN ESTABLISHED PATIENT, WHICH REQUIRES AT LEAST 2 OF THESE 3 KEY COMPONENTS: A DETAILED HISTORY; A DETAILED EXAMINATION; MEDICAL DECISION MAKING OF MODERATE COMPLEXITY. COUNSELING AND/OR COORDINATION OF CARE WITH OTHER PHYSICIANS, OTHER QUALIFIED HEALTH CARE PROFESSIONALS, OR AGENCIES ARE PROVIDED CONSISTENT WITH THE NATURE OF THE PROBLEM(S) AND THE PATIENT'S AND/OR FAMILY'S NEEDS. USUALLY, THE PRESENTING PROBLEM(S) ARE OF MODERATE TO HIGH SEVERITY. TYPICALLY, 25 MINUTES ARE SPENT FACE-TO-FACE WITH THE PATIENT AND/OR FAMILY."
S_S24_AVG_CLAIM,1.25,2.5114775194610213e-4,6.672251197901155e-4,0.0028735632183908046,509,0.509,FAMILY MEDICINE
P_36415_FIRST_EXP_DT,2261.5,2.492147098119479e-4,5.893346569815048e-4,0.0028735632183908046,NA,NA,COLLECTION OF VENOUS BLOOD BY VENIPUNCTURE
P_99213_AVG_CLAIM_CNT,0.45,2.3786326667373214e-4,6.448064201635866e-4,0.0028735632183908046,691,0.691,"OFFICE OR OTHER OUTPATIENT VISIT FOR THE EVALUATION AND MANAGEMENT OF AN ESTABLISHED PATIENT, WHICH REQUIRES AT LEAST 2 OF THESE 3 KEY COMPONENTS: AN EXPANDED PROBLEM FOCUSED HISTORY; AN EXPANDED PROBLEM FOCUSED EXAMINATION; MEDICAL DECISION MAKING OF LOW COMPLEXITY. COUNSELING AND COORDINATION OF CARE WITH OTHER PHYSICIANS, OTHER QUALIFIED HEALTH CARE PROFESSIONALS, OR AGENCIES ARE PROVIDED CONSISTENT WITH THE NATURE OF THE PROBLEM(S) AND THE PATIENT'S AND/OR FAMILY'S NEEDS. USUALLY, THE PRESENTING PROBLEM(S) ARE OF LOW TO MODERATE SEVERITY. TYPICALLY, 15 MINUTES ARE SPENT FACE-TO-FACE WITH THE PATIENT AND/OR FAMILY."
G_221000_FIRST_EXP_DT,1989.5,2.1597647367481386e-4,7.382157519878426e-4,0.0028735632183908046,NA,NA,GLUCOCORTICOSTEROIDS***
P_99213_FIRST_EXP_DT,1261.5,2.0705529506499882e-4,7.579147683819149e-4,0.0028735632183908046,NA,NA,"OFFICE OR OTHER OUTPATIENT VISIT FOR THE EVALUATION AND MANAGEMENT OF AN ESTABLISHED PATIENT, WHICH REQUIRES AT LEAST 2 OF THESE 3 KEY COMPONENTS: AN EXPANDED PROBLEM FOCUSED HISTORY; AN EXPANDED PROBLEM FOCUSED EXAMINATION; MEDICAL DECISION MAKING OF LOW COMPLEXITY. COUNSELING AND COORDINATION OF CARE WITH OTHER PHYSICIANS, OTHER QUALIFIED HEALTH CARE PROFESSIONALS, OR AGENCIES ARE PROVIDED CONSISTENT WITH THE NATURE OF THE PROBLEM(S) AND THE PATIENT'S AND/OR FAMILY'S NEEDS. USUALLY, THE PRESENTING PROBLEM(S) ARE OF LOW TO MODERATE SEVERITY. TYPICALLY, 15 MINUTES ARE SPENT FACE-TO-FACE WITH THE PATIENT AND/OR FAMILY."
P_99214_AVG_CLAIM_CNT,0.85,2.0396657117030415e-4,5.95875121414738e-4,0.0028735632183908046,636,0.636,"OFFICE OR OTHER OUTPATIENT VISIT FOR THE EVALUATION AND MANAGEMENT OF AN ESTABLISHED PATIENT, WHICH REQUIRES AT LEAST 2 OF THESE 3 KEY COMPONENTS: A DETAILED HISTORY; A DETAILED EXAMINATION; MEDICAL DECISION MAKING OF MODERATE COMPLEXITY. COUNSELING AND/OR COORDINATION OF CARE WITH OTHER PHYSICIANS, OTHER QUALIFIED HEALTH CARE PROFESSIONALS, OR AGENCIES ARE PROVIDED CONSISTENT WITH THE NATURE OF THE PROBLEM(S) AND THE PATIENT'S AND/OR FAMILY'S NEEDS. USUALLY, THE PRESENTING PROBLEM(S) ARE OF MODERATE TO HIGH SEVERITY. TYPICALLY, 25 MINUTES ARE SPENT FACE-TO-FACE WITH THE PATIENT AND/OR FAMILY."
G_661000_FIRST_EXP_DT,2077.5,2.0147595537303652e-4,5.805891216822099e-4,0.0028735632183908046,NA,NA,NONSTEROIDAL ANTI-INFLAMMATORY AGENTS (NSAIDS)***
P_99214_LAST_EXP_DT,920.5,1.9246740253814554e-4,7.065340297662028e-4,0.0028735632183908046,NA,NA,"OFFICE OR OTHER OUTPATIENT VISIT FOR THE EVALUATION AND MANAGEMENT OF AN ESTABLISHED PATIENT, WHICH REQUIRES AT LEAST 2 OF THESE 3 KEY COMPONENTS: A DETAILED HISTORY; A DETAILED EXAMINATION; MEDICAL DECISION MAKING OF MODERATE COMPLEXITY. COUNSELING AND/OR COORDINATION OF CARE WITH OTHER PHYSICIANS, OTHER QUALIFIED HEALTH CARE PROFESSIONALS, OR AGENCIES ARE PROVIDED CONSISTENT WITH THE NATURE OF THE PROBLEM(S) AND THE PATIENT'S AND/OR FAMILY'S NEEDS. USUALLY, THE PRESENTING PROBLEM(S) ARE OF MODERATE TO HIGH SEVERITY. TYPICALLY, 25 MINUTES ARE SPENT FACE-TO-FACE WITH THE PATIENT AND/OR FAMILY."
P_99214_LAST_EXP_DT,17.5,1.7023471569975143e-4,6.795384425011212e-4,0.0028735632183908046,NA,NA,"OFFICE OR OTHER OUTPATIENT VISIT FOR THE EVALUATION AND MANAGEMENT OF AN ESTABLISHED PATIENT, WHICH REQUIRES AT LEAST 2 OF THESE 3 KEY COMPONENTS: A DETAILED HISTORY; A DETAILED EXAMINATION; MEDICAL DECISION MAKING OF MODERATE COMPLEXITY. COUNSELING AND/OR COORDINATION OF CARE WITH OTHER PHYSICIANS, OTHER QUALIFIED HEALTH CARE PROFESSIONALS, OR AGENCIES ARE PROVIDED CONSISTENT WITH THE NATURE OF THE PROBLEM(S) AND THE PATIENT'S AND/OR FAMILY'S NEEDS. USUALLY, THE PRESENTING PROBLEM(S) ARE OF MODERATE TO HIGH SEVERITY. TYPICALLY, 25 MINUTES ARE SPENT FACE-TO-FACE WITH THE PATIENT AND/OR FAMILY."
G_659917_AVG_CLAIM_CNT,0.15,1.5136728767459128e-4,6.224394692666393e-4,0.0028735632183908046,502,0.502,HYDROCODONE COMBINATIONS***
P_99213_FIRST_EXP_DT,1775.5,1.4120575537478072e-4,7.125656316918833e-4,0.0028735632183908046,NA,NA,"OFFICE OR OTHER OUTPATIENT VISIT FOR THE EVALUATION AND MANAGEMENT OF AN ESTABLISHED PATIENT, WHICH REQUIRES AT LEAST 2 OF THESE 3 KEY COMPONENTS: AN EXPANDED PROBLEM FOCUSED HISTORY; AN EXPANDED PROBLEM FOCUSED EXAMINATION; MEDICAL DECISION MAKING OF LOW COMPLEXITY. COUNSELING AND COORDINATION OF CARE WITH OTHER PHYSICIANS, OTHER QUALIFIED HEALTH CARE PROFESSIONALS, OR AGENCIES ARE PROVIDED CONSISTENT WITH THE NATURE OF THE PROBLEM(S) AND THE PATIENT'S AND/OR FAMILY'S NEEDS. USUALLY, THE PRESENTING PROBLEM(S) ARE OF LOW TO MODERATE SEVERITY. TYPICALLY, 15 MINUTES ARE SPENT FACE-TO-FACE WITH THE PATIENT AND/OR FAMILY."
P_36415_LAST_EXP_DT,1167.5,1.113390834073294e-4,5.871439607625493e-4,0.0028735632183908046,NA,NA,COLLECTION OF VENOUS BLOOD BY VENIPUNCTURE
P_99214_LAST_EXP_DT,200.5,7.348532634968925e-5,0.0010694478703221456,0.0028735632183908046,NA,NA,"OFFICE OR OTHER OUTPATIENT VISIT FOR THE EVALUATION AND MANAGEMENT OF AN ESTABLISHED PATIENT, WHICH REQUIRES AT LEAST 2 OF THESE 3 KEY COMPONENTS: A DETAILED HISTORY; A DETAILED EXAMINATION; MEDICAL DECISION MAKING OF MODERATE COMPLEXITY. COUNSELING AND/OR COORDINATION OF CARE WITH OTHER PHYSICIANS, OTHER QUALIFIED HEALTH CARE PROFESSIONALS, OR AGENCIES ARE PROVIDED CONSISTENT WITH THE NATURE OF THE PROBLEM(S) AND THE PATIENT'S AND/OR FAMILY'S NEEDS. USUALLY, THE PRESENTING PROBLEM(S) ARE OF MODERATE TO HIGH SEVERITY. TYPICALLY, 25 MINUTES ARE SPENT FACE-TO-FACE WITH THE PATIENT AND/OR FAMILY."
P_99214_LAST_EXP_DT,513.5,6.314201963111248e-5,5.999028975338412e-4,0.0028735632183908046,NA,NA,"OFFICE OR OTHER OUTPATIENT VISIT FOR THE EVALUATION AND MANAGEMENT OF AN ESTABLISHED PATIENT, WHICH REQUIRES AT LEAST 2 OF THESE 3 KEY COMPONENTS: A DETAILED HISTORY; A DETAILED EXAMINATION; MEDICAL DECISION MAKING OF MODERATE COMPLEXITY. COUNSELING AND/OR COORDINATION OF CARE WITH OTHER PHYSICIANS, OTHER QUALIFIED HEALTH CARE PROFESSIONALS, OR AGENCIES ARE PROVIDED CONSISTENT WITH THE NATURE OF THE PROBLEM(S) AND THE PATIENT'S AND/OR FAMILY'S NEEDS. USUALLY, THE PRESENTING PROBLEM(S) ARE OF MODERATE TO HIGH SEVERITY. TYPICALLY, 25 MINUTES ARE SPENT FACE-TO-FACE WITH THE PATIENT AND/OR FAMILY."
S_S37_FIRST_EXP,71.5,2.6382602223418238e-5,6.301270305389321e-4,0.0028735632183908046,NA,NA,INTERNAL MEDICINE
D_7288_LAST_EXP_DT,71.5,1.678602986141827e-5,0.02733186775947947,0.0028735632183908046,NA,NA,"OTHER DISORDERS OF MUSCLE LIGAMENT, AND FASCIA"
P_99213_FIRST_EXP_DT,1769.5,1.6191254595257035e-5,6.017629768693587e-4,0.0028735632183908046,NA,NA,"OFFICE OR OTHER OUTPATIENT VISIT FOR THE EVALUATION AND MANAGEMENT OF AN ESTABLISHED PATIENT, WHICH REQUIRES AT LEAST 2 OF THESE 3 KEY COMPONENTS: AN EXPANDED PROBLEM FOCUSED HISTORY; AN EXPANDED PROBLEM FOCUSED EXAMINATION; MEDICAL DECISION MAKING OF LOW COMPLEXITY. COUNSELING AND COORDINATION OF CARE WITH OTHER PHYSICIANS, OTHER QUALIFIED HEALTH CARE PROFESSIONALS, OR AGENCIES ARE PROVIDED CONSISTENT WITH THE NATURE OF THE PROBLEM(S) AND THE PATIENT'S AND/OR FAMILY'S NEEDS. USUALLY, THE PRESENTING PROBLEM(S) ARE OF LOW TO MODERATE SEVERITY. TYPICALLY, 15 MINUTES ARE SPENT FACE-TO-FACE WITH THE PATIENT AND/OR FAMILY."
S_S21_FIRST_EXP,66.5,7.4899347571588244e-6,6.714052671685423e-4,0.0028735632183908046,NA,NA,DIAGNOSTIC RADIOLOGY
